from_time,to_time,created_at
NULL,2021-05-19 14:45,2021-05-19 16:29
2021-05-19 16:50,2021-05-19 17:05,2021-05-19 18:04
2021-05-19 19:20,2021-05-19 19:40,2021-05-19 19:44
NULL,2021-05-20 08:40,2021-05-20 08:50
2021-05-20 21:12,2021-05-20 21:24,2021-05-20 21:27
2021-05-20 21:53,2021-05-20 22:20,2021-05-20 22:25
2021-05-20 22:36,2021-05-20 22:55,2021-05-20 23:05
2021-05-21 00:35,2021-05-20 00:47,2021-05-20 00:47
2021-05-21 00:55,2021-05-21 01:02,2021-05-21 00:55
2021-05-21 01:18,2021-05-21 01:26,2021-05-21 01:26
2021-05-21 01:28,2021-05-21 01:38,2021-05-21 01:40
2021-05-21 04:57,2021-05-21 05:18,2021-05-21 05:18
2021-05-21 05:26,2021-05-21 05:39,2021-05-21 05:39
2021-05-21 05:53,2021-05-21 06:13,2021-05-21 06:13
NULL,2021-05-21 07:00,2021-05-21 07:14
2021-05-21 10:30,2021-05-21 10:45,2021-05-21 10:41
2021-05-21 11:00,2021-05-21 11:15,2021-05-21 11:21
2021-05-21 16:05,2021-05-21 16:17,2021-05-21 16:17
2021-05-21 16:34,2021-05-21 16:45,2021-05-21 16:48
2021-05-21 17:15,2021-05-21 17:22,2021-05-21 17:47
2021-05-21 17:43,2021-05-21 18:00,2021-05-21 18:04
2021-05-21 20:38,2021-05-21 20:54,2021-05-21 20:55
2021-05-21 21:06,2021-05-21 21:23,2021-05-21 21:25
2021-05-21 21:28,2021-05-21 21:35,2021-05-21 21:38
2021-05-21 21:48,2021-05-21 22:00,2021-05-21 22:06
2021-05-21 22:43,2021-05-21 22:50,2021-05-21 22:55
2021-05-21 23:03,2021-05-21 23:10,2021-05-21 23:12
2021-05-22 01:43,2021-05-22 01:57,2021-05-22 01:57
2021-05-22 02:02,2021-05-22 02:11,2021-05-22 02:29
2021-05-22 02:18,2021-05-22 02:30,2021-05-22 02:32
2021-05-22 05:41,2021-05-22 05:59,2021-05-22 05:59
2021-05-22 06:14,2021-05-22 06:19,2021-05-22 06:20
2021-05-22 06:32,2021-05-22 06:45,2021-05-22 06:45
2021-05-22 08:05,2021-05-22 08:17,2021-05-22 08:19
2021-05-22 11:46,2021-05-22 12:10,2021-05-22 12:12
2021-05-22 12:33,2021-05-22 12:41,2021-05-22 12:43
2021-05-22 13:17,2021-05-22 13:28,2021-05-22 13:29
2021-05-22 15:45,2021-05-22 16:10,2021-05-22 16:14
2021-05-22 16:28,2021-05-22 16:35,2021-05-22 16:36
2021-05-22 17:23,2021-05-22 17:32,2021-05-22 17:33
2021-05-22 17:38,2021-05-22 17:45,2021-05-22 17:47
2021-05-22 20:29,2021-05-22 21:00,2021-05-22 21:18
2021-05-22 21:16,2021-05-22 21:26,2021-05-22 21:27
2021-05-22 21:55,2021-05-22 22:15,2021-05-22 22:15
2021-05-22 22:19,NULL,2021-05-22 22:55
2021-05-22 22:32,NULL,2021-05-22 22:56
2021-05-22 22:48,2021-05-22 22:54,2021-05-22 22:56
2021-05-23 01:37,2021-05-23 01:50,2021-05-23 01:58
2021-05-23 02:06,2021-05-23 02:12,2021-05-23 02:18
2021-05-23 02:21,2021-05-23 02:28,2021-05-23 02:35
2021-05-23 02:35,2021-05-23 02:43,2021-05-23 02:44
2021-05-23 03:10,2021-05-23 03:25,2021-05-23 03:31
2021-05-23 03:38,NULL,2021-05-23 03:57
2021-05-23 06:49,2021-05-23 07:05,2021-05-23 07:20
2021-05-23 07:24,2021-05-23 07:40,2021-05-23 07:40
2021-05-23 07:43,2021-05-23 07:53,2021-05-23 07:56
2021-05-23 11:19,2021-05-23 11:37,2021-05-23 11:37
2021-05-23 10:28,NULL,2021-05-23 11:37
2021-05-23 11:19,2021-05-23 11:32,2021-05-23 11:38
2021-05-23 11:57,2021-05-23 12:10,2021-05-23 12:12
2021-05-23 12:22,2021-05-23 12:27,2021-05-23 12:27
2021-05-23 15:11,2021-05-23 15:26,2021-05-23 15:28
2021-05-23 16:30,2021-05-23 16:40,2021-05-23 16:40
2021-05-23 17:15,2021-05-23 17:25,2021-05-23 17:29
2021-05-23 17:59,NULL,2021-05-23 18:19
2021-05-23 18:19,2021-05-23 18:25,2021-05-23 18:29
2021-05-23 18:50,NULL,2021-05-23 19:10
2021-05-23 21:52,2021-05-23 22:07,2021-05-23 22:07
2021-05-23 22:34,NULL,2021-05-23 23:12
2021-05-23 23:00,2021-05-23 23:13,2021-05-23 23:13
2021-05-23 23:17,2021-05-23 23:30,2021-05-23 23:32
2021-05-23 23:36,2021-05-23 23:38,2021-05-23 23:41
2021-05-23 23:46,2021-05-23 23:49,2021-05-23 23:53
