from_time,to_time,created_at
2021-05-19 14:45,2021-05-19 16:45,2021-05-19 16:48
2021-05-19 17:05,2021-05-19 18:50,2021-05-19 19:23
2021-05-21 13:40,2021-05-21 15:50,2021-05-21 13:41
2021-05-21 23:12,2021-05-22 01:45,2021-05-21 23:12
2021-05-22 13:55,2021-05-22 15:45,2021-05-22 13:59
2021-05-22 17:50,2021-05-22 20:15,2021-05-22 17:47
2021-05-22 22:59,2021-05-23 01:20,2021-05-22 22:55
2021-05-23 02:48,2021-05-23 03:00,2021-05-23 02:44
2021-05-23 04:02,2021-05-23 06:30,2021-05-23 04:02
2021-05-23 07:56,2021-05-23 11:10,2021-05-23 07:56
2021-05-23 12:30,2021-05-23 15:00,2021-05-23 12:27
2021-05-23 18:29,2021-05-23 18:50,2021-05-23 18:29
2021-05-23 19:10,2021-05-23 21:45,2021-05-23 19:10
2021-05-23 23:55,2021-05-24 03:00,2021-05-23 23:53
2021-05-24 04:55,2021-05-24 08:40,2021-05-24 04:54
2021-05-24 11:14,2021-05-24 13:39,2021-05-24 11:13
2021-05-24 18:48,2021-05-24 20:30,2021-05-24 18:48
2021-05-24 23:15,2021-05-25 01:20,2021-05-24 23:15
2021-05-25 02:23,2021-05-25 04:30,2021-05-25 02:24
2021-05-25 05:17,2021-05-25 09:00,2021-05-25 05:17
2021-05-25 11:40,2021-05-25 14:00,2021-05-25 11:45
2021-05-25 15:04,2021-05-25 16:30,2021-05-25 16:32
2021-05-25 17:50,2021-05-25 20:20,2021-05-25 18:49
2021-05-26 22:04,2021-05-26 01:35,2021-05-26 01:32
2021-05-26 03:34,2021-05-26 07:40,2021-05-26 03:34
